mean_2d,mean_3d,mean_Z,mean_height,adjusted_mean_2d,adjusted_mean_3d,median_2d,median_3d,median_Z,median_height,sd_2d,sd_3d,sd_Z,sd_height,point_fraction,plot_id
1.39356954528294,1.60275307572869,0.165953358297649,1.12595335829771,2.48095469990583,2.8533615631004,1.15060766554026,1.33495168451896,0.109,1.069,0.934013159596788,0.925562679797091,0.763889085821846,1.069,0.561706969230769,pnr_out_9
2.00705317481711,2.55121484042197,0.91273345349255,1.85273345349125,3.65490549853817,4.64584061110396,1.53549763920366,1.89633224936982,0.15,1.09,1.46921007309088,1.87591626896784,1.73431139470081,1.09,0.549139553846154,pnr_out_8
2.21752799158893,3.24800393769429,1.46590711346413,2.37590711346409,3.04763852048229,4.46386334366066,1.71642069435206,3.11428595347312,0.94,1.85,1.69345798879605,1.9738539284268,2.12403271281014,1.85,0.727621723076923,pnr_out_7
1.83351352378659,2.2931860265432,0.703197558152506,1.64319755815253,4.81408714634694,6.02100678906636,1.16169531289405,1.44227095235256,-0.104,0.836,1.67427709580963,1.93319624758008,1.52855732617561,0.836,0.380864215384615,pnr_out_6
1.90090510786807,2.32270353309751,0.431416497384145,1.37141649738425,4.0864849415418,4.99324925393785,1.39476808108015,1.80428656260584,-0.332,0.608,1.47469139966981,1.62541882524697,1.43619739773638,0.608,0.465168753846154,pnr_out_5
2.04338364623653,2.48228777208135,0.673119960947481,1.60311996094789,5.11771607980351,6.21696472381861,1.48473903430872,1.69191016309968,-0.157,0.773,1.59171946439445,1.87206662815719,1.58250056616762,0.773,0.399276476923077,pnr_out_4
1.49710442567506,1.66137249269002,-0.504331052336175,0.435668947663815,4.12084441876492,4.5729993489961,1.11183182181479,1.28430097718564,-0.581,0.359,1.18874357340666,1.11258350974987,0.298693625300125,0.359,0.3633004,pnr_out_3
1.47234739701684,1.61305215076182,-0.434578559530611,0.535421440469383,4.25397855421857,4.6605096528713,1.06118848467179,1.21392339132253,-0.516,0.454,1.17442998066723,1.1099310709654,0.312942603168915,0.454,0.346110676923077,pnr_out_2
1.50579311494055,1.66091657582932,-0.390504521825526,0.549495478174482,3.88514955538857,4.28538902993694,1.02206898005957,1.21455382754327,-0.5,0.44,1.25583044903828,1.19511774977962,0.435813627422452,0.44,0.387576615384615,pnr_out_18
1.15295129825375,1.32492234790371,0.060981931983584,1.00098193198365,3.415299940737,3.92471670150353,0.917694938419081,1.08884985190797,-0.106,0.834,0.816364997519894,0.816612848587982,0.650237256973596,0.834,0.3375842,pnr_out_17
1.42136046492485,1.61257547410001,0.137432582585121,1.07743258258512,3.88671622935067,4.4095944842315,1.12061991772411,1.20322150911626,-0.162,0.778,0.995995772393354,1.10630397099919,0.890588173566771,0.778,0.365697,pnr_out_16
1.78951912761493,2.30312129383002,0.663888798305105,1.57388879830445,3.96993110890229,5.10932391325549,1.27088158378348,1.79646152199261,-0.085,0.825,1.45009129057248,1.63783899432423,1.49699449782138,0.825,0.450768307692308,pnr_out_15
1.45826996132239,1.60582633652438,-0.268461601610104,0.671538398389896,3.71373553459666,4.08951324961383,0.993812859647127,1.1516601061077,-0.404,0.536,1.25507729501409,1.2052662358828,0.50744754331922,0.536,0.392669307692308,pnr_out_14
2.2447300407891,2.65966508258087,0.962052034678002,1.89205203467793,6.24262855109624,7.39656924403989,1.2927973545765,1.41881217925418,0.144,1.074,1.88791820107306,2.3170018702475,1.70696334415452,1.074,0.359580907692308,pnr_out_13
1.01545964923289,1.13461654810411,-0.243380120412774,0.686619879587215,3.7381862052397,4.17683551637286,0.804215145343583,0.942375721249227,-0.255,0.675,0.699897308245335,0.659325383279955,0.376584995855135,0.675,0.271645015384615,pnr_out_12
1.54301580267971,1.67213040513242,0.0276028079671741,0.967602807967166,5.85312823429109,6.34289919046847,1.0105721151902,1.09134275092658,-0.191,0.749,1.2904520675083,1.32737762108877,0.714860296878713,0.749,0.263622415384615,pnr_out_11
1.40745033422899,1.54677068520038,-0.0296324744112863,0.890367525588676,3.76644006330536,4.13927151516607,0.968745580635081,1.09545652583752,-0.195,0.725,1.20217714225859,1.24422356160465,0.71663619258805,0.725,0.373681861538462,pnr_out_10
1.63266068207378,1.87618664295071,0.0555626899834537,1.00556268998375,4.06598484005957,4.67246288902493,1.21320154961985,1.29524283437508,-0.391,0.559,1.31876300180912,1.49677856551775,1.16302126195172,0.559,0.401541261538462,pnr_out_1
1.39308551822603,1.72437305351952,0.328819285062205,1.26881928506214,1.93265321757545,2.3922545217674,1.12318342224233,1.49707114059419,0.374,1.314,1.10460997203903,1.0154498549567,0.857687753047965,1.314,0.720815046153846,pnr_in_9
1.67015714968366,2.34941601396495,0.773217064200364,1.70321706420028,2.28346029894588,3.21215173950114,1.28040306153961,1.84836414161279,0.443,1.373,1.28688529463326,1.49173074230466,1.64367057664586,1.373,0.731415015384615,pnr_in_8
1.46717949513585,2.01930467081666,0.482046387746538,1.42204638774647,2.07609784250324,2.85736958861398,1.13337107780285,1.50800828910189,0.181,1.121,1.14893786517032,1.37258186611204,1.50217501000141,1.121,0.706700553846154,pnr_in_7
2.47045822135564,2.82923319996192,0.482870658917258,1.42287065891747,5.11424888049193,5.85697122925474,1.81407965646495,1.90606964720599,-0.337,0.603,1.94805424786363,2.21313531708319,1.66471776446284,0.603,0.483053969230769,pnr_in_6
1.94896642142347,2.26883629085844,0.366419707096846,1.32641970709727,6.04255813328817,7.03427982736253,1.07982822708059,1.18100423369267,-0.3,0.66,1.83386360910936,2.16803064282218,1.59755619319957,0.66,0.322539953846154,pnr_in_5
1.64349507585387,2.19652004925249,0.653461023208114,1.59346102320643,5.08171052192069,6.79167173050212,1.07163659885243,1.3111725668271,-0.211,0.729,1.49073692321861,1.80581130243261,1.65386544797921,0.729,0.323413753846154,pnr_in_4
1.39541173199645,1.50766760123599,-0.325161497822617,0.624838502177276,4.98866668344755,5.38998702643731,0.894535633722883,1.00398107551886,-0.38,0.57,1.27369220282146,1.22458169513109,0.312195783104156,0.57,0.279716369230769,pnr_in_3
1.36964155553359,1.55038082561878,-0.0495824382094387,0.910417561790496,3.7817915519591,4.28084054908825,0.970777523431605,1.07028968041367,-0.329,0.631,1.31726067486143,1.52959951014606,1.0629220544525,0.631,0.362167384615385,pnr_in_2
2.12150143332363,3.28545004586859,1.68283601023958,2.63283601023987,3.17948213623325,4.92388530417381,1.60666517980567,3.43849909117336,1.12,2.07,1.6328062479776,2.03792541222997,2.22453600940807,2.07,0.667247476923077,pnr_in_18
1.8608458531002,2.17206285429652,0.4055090621211,1.36550906212106,4.88564311204441,5.70274206503546,1.18872368530285,1.29038017653713,-0.209,0.751,1.68449326242512,2.02618895809714,1.53577222964129,0.751,0.380880430769231,pnr_in_17
1.45342305492508,1.62445898178732,0.1206197250651,1.04061972506521,4.25854286182514,4.75967969393107,1.02914041801884,1.25199281148096,-0.149,0.771,1.20453996067915,1.19012940121499,0.690920246257267,0.771,0.341295861538462,pnr_in_16
1.98617053535542,2.16867793917497,0.200459310599136,1.13045931059897,4.97528793314373,5.43246261566429,1.42697582320094,1.53088569135648,-0.244,0.686,1.70242925176921,1.75208450443666,0.943208065194741,0.686,0.399207153846154,pnr_in_15
1.16630664542145,1.28059702758624,-0.150553190889494,0.789446809110549,3.05343569430439,3.35265231438251,0.850940655980192,0.9629527506581,-0.247,0.693,1.04950728404773,1.04559972265493,0.498803111171962,0.693,0.381965353846154,pnr_in_14
1.71951527773841,2.46316062964068,0.948425484305675,1.87842548430526,3.16704753412248,4.53671269993675,1.19416288671186,1.65893881743722,0.208,1.138,1.45544969720556,1.90978699561137,1.93387414478595,1.138,0.542939523076923,pnr_in_13
1.75848500263319,2.17059069903943,0.471722301333677,1.40172230133356,3.43367816468349,4.23836989032964,1.41632905781107,1.65221245607216,-0.201,0.729,1.29099433887927,1.47530872710094,1.38077588619404,0.729,0.512128661538462,pnr_in_12
1.5729772222667,1.72350151681559,0.0180919892856647,0.948091989285633,3.37710256777914,3.70027061779175,1.32272521711805,1.41408168080914,-0.242,0.688,1.12421620153439,1.18644136832492,0.799783649291738,0.688,0.465777153846154,pnr_in_11
1.44034583741174,1.83198756908998,0.725851728013385,1.64585172801316,5.91520787543156,7.52360094006786,0.869401518286388,0.963989626500063,0.179,1.099,1.17482633610025,1.67131036234339,1.4723393107055,1.099,0.243498769230769,pnr_in_10
1.79987929146501,2.03334951900149,-0.00949571033337265,0.940504289666595,4.27983174908793,4.8349874737055,1.2680571753671,1.35933218898105,-0.445,0.505,1.50175087498328,1.71215828679397,1.25342928613175,0.505,0.420549076923077,pnr_in_1
1.74510756612751,1.91196710455717,-0.275443486156189,0.644556513843788,4.65451708984858,5.09956161793377,1.1332934306701,1.26537780919376,-0.482,0.438,1.52111615796312,1.50589850637768,0.698773672158468,0.438,0.374927738461539,knp_satara_out_9
1.46364895162258,1.70102776163508,-0.157985399795445,0.762014600204514,3.82070836503166,4.44036187148933,1.17273910142026,1.38280548162056,-0.475,0.445,1.07714626115708,1.04263378085822,0.808151574859851,0.445,0.383083138461538,knp_satara_out_8
1.22778839530829,1.35397745165236,-0.380357099242465,0.539642900757601,3.88659348503232,4.28604795629413,0.908216383908593,1.041937138219,-0.421,0.499,0.97825188464147,0.927302564868675,0.289883388301646,0.499,0.315903476923077,knp_satara_out_7
1.52490789517276,1.70192356126467,-0.363394344190186,0.566605655809737,4.02394486954828,4.49105588894497,1.128771456053,1.28310638685964,-0.526,0.404,1.14836172183524,1.08999255139433,0.555421827071829,0.404,0.378958446153846,knp_satara_out_6
1.15707520735006,1.28584915449562,-0.37381354513753,0.546186454862488,3.39364557886894,3.77133333298206,0.881943875765346,0.998409234732932,-0.429,0.491,0.964365991985844,0.915852651872991,0.289193304658077,0.491,0.340953461538462,knp_satara_out_5
1.2379653125221,1.34191757673625,-0.301335902677794,0.658664097322248,4.43579291338862,4.808267579898,0.910244472655561,1.02329321311147,-0.359,0.601,0.946411042782817,0.905960421398061,0.320080887461564,0.601,0.279085461538462,knp_satara_out_4
1.49297015424528,1.65143597544543,-0.527040274037053,0.412959725962984,4.60628822179923,5.09520572874093,1.05542645409332,1.22762331356162,-0.544,0.396,1.2801075498938,1.2053311567944,0.186164759773536,0.396,0.324115661538462,knp_satara_out_3
1.51653308733403,1.69471817460336,-0.577847693172109,0.352152306827872,4.47892852275904,5.00518032456039,1.09354926729435,1.26256445380028,-0.605,0.325,1.23704997192354,1.15246483408801,0.190188594420283,0.325,0.338592830769231,knp_satara_out_2
1.23928727709048,1.37969188026781,-0.442420932507512,0.497579067492471,4.18083560224182,4.65450185746277,0.883488539823805,1.03972400183895,-0.451,0.489,1.05724548882672,1.00068653397833,0.235766775362973,0.489,0.296420953846154,knp_satara_out_18
1.30794180504823,1.47503005687781,-0.521782563532281,0.408217436467697,3.90792161708805,4.40715467834966,0.948870907974315,1.13296513626854,-0.543,0.387,1.01127558676069,0.938707369073401,0.226358302095152,0.387,0.334689876923077,knp_satara_out_17
1.35924508452048,1.51577973276485,-0.499080771243174,0.450919228756909,4.33199631212146,4.8308817056655,0.941326723300683,1.12183510374743,-0.511,0.439,1.12989832276353,1.06075635354485,0.222470703461584,0.439,0.313768753846154,knp_satara_out_16
1.16347648331501,1.28296074822501,-0.345910362351308,0.614089637648738,4.80953875989939,5.3034586727844,0.891668660433908,1.0543500367525,-0.358,0.602,0.799991552323528,0.755871838020349,0.32250974897022,0.602,0.2419102,knp_satara_out_15
1.52606990327697,1.68337265500231,-0.516949163532621,0.433050836467369,4.65078332327732,5.13017225091355,1.02339923783438,1.19127704586297,-0.534,0.416,1.31867000240394,1.24345113415342,0.211891168230408,0.416,0.3281318,knp_satara_out_14
1.26721846953668,1.42672293446426,-0.254046668561877,0.70595333143795,3.67060852880361,4.13262708631365,0.923489577634745,1.07242761993526,-0.398,0.562,0.954317380386938,0.963656632226289,0.61892522244525,0.562,0.345233892307692,knp_satara_out_13
1.46065161843258,1.63324615770041,-0.543108956726901,0.396891043273134,4.33262604145381,4.84458083341642,1.05595691199973,1.2374998989899,-0.569,0.371,1.17477596832801,1.09840382609021,0.255763411481992,0.371,0.337128476923077,knp_satara_out_12
1.59760931970518,1.78532645219843,-0.604904029983702,0.345095970016232,4.53535389502914,5.06825240627098,1.26303285784654,1.45716642838078,-0.669,0.281,1.15537687568951,1.06350117474755,0.255470453449412,0.281,0.352256815384615,knp_satara_out_11
1.44570333109749,1.61414890361578,-0.537953959613602,0.402046040386362,4.17235066949521,4.65849051724435,1.06683058636006,1.23657490674846,-0.581,0.359,1.12990124553924,1.05070795662829,0.230942621270602,0.359,0.346496123076923,knp_satara_out_10
1.49797705551537,1.67346579219634,-0.57505437898578,0.354945621014236,4.46664839711288,4.98991841751897,1.06347778538153,1.23343990530548,-0.596,0.334,1.23687323145718,1.15546683360461,0.176389294562672,0.334,0.335369369230769,knp_satara_out_1
1.35937399615327,1.48952400256366,-0.386574819289897,0.533425180710125,4.03126038504598,4.4172237523315,1.00825244854649,1.15252982607827,-0.456,0.464,1.07613294933017,1.02508123449447,0.337747575360132,0.464,0.337208184615385,knp_satara_in_9
1.96219743369176,2.1611715955547,-0.116933235365082,0.823066764634821,4.79033143707294,5.27608896909863,1.28176635936508,1.40635095193194,-0.476,0.464,1.62559235268572,1.70733583859732,1.03885307627843,0.464,0.409616215384615,knp_satara_in_8
1.46416645322365,1.60341422326999,-0.346499704661494,0.603500295338494,4.33291760960211,4.74499446985475,1.01506699286303,1.15151943101278,-0.456,0.494,1.26636103495442,1.24162887261479,0.495039113350477,0.494,0.337916984615385,knp_satara_in_7
1.47454136711689,1.76795543764363,0.213253546948734,1.12325354694804,5.26444227437948,6.3119960909258,1.12579216554389,1.23965721068366,-0.184,0.726,1.1450994496148,1.28523495467304,1.11646464333388,0.726,0.280094507692308,knp_satara_in_6
1.88431632852265,1.99704807845652,-0.298095975297993,0.621904024701998,6.57610044904296,6.96952447246199,1.18102074494905,1.28109133163877,-0.415,0.505,1.64491736110402,1.61060887460725,0.486826079893716,0.505,0.286540076923077,knp_satara_in_5
1.54999550710097,1.72849536678112,-0.140951887200987,0.789048112798983,4.39901192716678,4.90560888705037,1.06296236998306,1.19062756561403,-0.396,0.534,1.31180536600407,1.38040856004664,0.866046895671462,0.534,0.352350830769231,knp_satara_in_4
1.67666913451561,1.87882524103015,-0.119844332104389,0.830155667895677,4.61049050287655,5.16637764244215,1.17175296031203,1.29532273970621,-0.43,0.52,1.28806036849809,1.33557650905854,0.910531363659317,0.52,0.363663938461538,knp_satara_in_3
1.6265025265249,1.76232162104726,-0.236504209827073,0.683495790172865,4.9331546497599,5.34509166599111,1.13915451103,1.25359044348623,-0.408,0.512,1.31919098497682,1.29999410573843,0.595023213773714,0.512,0.3297084,knp_satara_in_2
1.56908574520945,1.71078610485842,-0.392779379725124,0.517220620274852,4.67240262161655,5.09435606420516,1.04384146305845,1.18462652342416,-0.473,0.437,1.39419453541932,1.33927409416052,0.400449860206935,0.437,0.335819892307692,knp_satara_in_18
1.41333381208775,1.54659226610699,-0.436226650465688,0.503773349534317,4.50554435747969,4.93035686140327,1.01295261488384,1.15237754230113,-0.473,0.467,1.18142133739785,1.11589529824542,0.23153278993519,0.467,0.313687692307692,knp_satara_in_17
1.43059421566123,1.73588903962342,-0.0200698236522423,0.909930176347967,4.10990632987448,4.98697763055784,1.02209588591286,1.13453558780675,-0.427,0.503,1.28961751915325,1.97651455924479,1.79159276903079,0.503,0.348084384615385,knp_satara_in_16
1.53405862014804,1.6959028186759,-0.344514774290151,0.585485225709983,4.72983954164681,5.22884073999041,1.01016929274256,1.16247795678026,-0.476,0.454,1.37240924109391,1.41789137344748,0.728676150053574,0.454,0.324336292307692,knp_satara_in_15
1.80740835948012,2.00624936951459,-0.167874735814308,0.74212526418557,5.03142536832962,5.58495478900768,1.04034273198788,1.17766081704369,-0.455,0.455,1.82336358878014,1.92917486951073,1.06169230918866,0.455,0.359223923076923,knp_satara_in_14
1.5643416008822,1.70809598957857,-0.187984404490772,0.752015595509518,4.22497645139184,4.6132285484299,1.06860001871608,1.18045203206229,-0.4,0.54,1.14717493274243,1.13662044870725,0.641081012992106,0.54,0.370260430769231,knp_satara_in_13
1.41785115515516,1.56092069154561,-0.308705007072906,0.631294992927171,4.30751637386012,4.74217015847054,0.924554487307265,1.10715717041439,-0.413,0.527,1.18486362137936,1.15855783810089,0.51887108625345,0.527,0.329157461538462,knp_satara_in_12
1.14692787573514,1.26384281508584,-0.286659076365524,0.63334092363445,3.84880709538349,4.24114479825855,0.867534437356812,1.00614760348569,-0.324,0.596,0.807629048627868,0.771486194876643,0.377634693916666,0.596,0.297995676923077,knp_satara_in_11
1.40732732368378,1.54524075911483,-0.459464182398474,0.45053581760152,4.46122649802559,4.89841197877661,1.00364585387476,1.13554480316718,-0.499,0.411,1.19070649361216,1.12976367944088,0.233827927660355,0.411,0.315457492307692,knp_satara_in_10
1.87701762040115,2.12288265197357,0.0428684610470881,0.982868461047014,4.40621434626069,4.9833714371604,1.31509163178845,1.43709081132683,-0.409,0.531,1.50813542386852,1.58736090724777,1.10762815527903,0.531,0.425993261538462,knp_satara_in_1
1.40637812133949,1.57421376499098,-0.549327908960422,0.3706720910396,4.29937310119669,4.81245563624778,1.01828139529307,1.18185066738569,-0.572,0.348,1.19397139659518,1.11985587755387,0.164310395538226,0.348,0.327112369230769,knp_roan_out_9
1.24169942521979,1.38740434713568,-0.47955025027448,0.450449749725531,4.15778401835938,4.64567149211813,0.887725745937336,1.05264238941817,-0.495,0.435,1.05994990682165,1.00855983263006,0.216342451296565,0.435,0.298644523076923,knp_roan_out_8
1.53688133007025,1.7255551216339,-0.610451097782561,0.309548902217418,4.53084589582956,5.08707093248717,1.14547544713975,1.32822776661234,-0.648,0.272,1.19701091233753,1.1057316034135,0.180811995849018,0.272,0.339204061538462,knp_roan_out_7
1.30341489901188,1.44681198497292,-0.295521459591738,0.634478540408307,4.97756759207433,5.52518193070026,0.978281145683591,1.11491075876054,-0.413,0.517,0.952455018006997,0.926777664825888,0.508711985851162,0.517,0.2618578,knp_roan_out_6
1.37603329152965,1.58730162243646,-0.19498383998185,0.745016160018035,3.12242685556662,3.60182652868124,1.08700689970211,1.28450496301104,-0.497,0.443,1.00105552836661,0.945082235254116,0.692176570239579,0.443,0.440693523076923,knp_roan_out_5
1.28404426253588,1.42064511578196,-0.128240132345036,0.811759867655188,4.21058415703676,4.65851995278555,0.871170477002062,0.994792943280158,-0.294,0.646,1.0315321317616,1.04202270837286,0.612184734384983,0.646,0.304956323076923,knp_roan_out_4
1.72163030022828,1.92745844838337,-0.590230891432358,0.31976910856777,4.92891181620176,5.51818396796047,1.28978176448576,1.48801915310254,-0.699,0.211,1.2883221674632,1.19475707749981,0.412774949790351,0.211,0.349292169230769,knp_roan_out_3
1.84048831509399,2.02814690861834,-0.387482066321009,0.552517933678785,4.82034612108445,5.31183491020891,1.23805169520501,1.4035633224048,-0.586,0.354,1.42530679707309,1.3733778091548,0.65613067091477,0.354,0.381816630769231,knp_roan_out_2
1.73616555181219,1.91376251168502,-0.451485643829064,0.488514356170996,4.62395630277226,5.09695300582283,1.22376468326227,1.3875220718965,-0.587,0.353,1.40858832317839,1.34694679128747,0.523947949531229,0.353,0.375471876923077,knp_roan_out_18
1.67942355825519,1.84355842444204,-0.389824700942839,0.570175299057191,4.68589946929371,5.14386582243731,1.23827339469117,1.38918429302955,-0.551,0.409,1.22825855069797,1.15502830719408,0.501749160635922,0.409,0.3583994,knp_roan_out_17
1.52626013874124,1.68665935992212,-0.439662381863965,0.470337618136068,4.35552715081129,4.81326246413637,1.05474167453458,1.2165989478871,-0.529,0.381,1.22049056055237,1.15382748397679,0.404681904456345,0.381,0.350419153846154,knp_roan_out_16
1.55984128003476,1.73099408678008,-0.363325441248139,0.54667455875174,4.56957947669021,5.07097430646669,0.992264581651487,1.16130874447754,-0.502,0.408,1.46863728668394,1.46026024888497,0.637726326405423,0.408,0.341353353846154,knp_roan_out_15
1.34592024807882,1.4902005646964,-0.387720609192331,0.572279390807758,4.01819405555538,4.44893749031235,0.969750998968292,1.14407386125197,-0.446,0.514,1.1260426612654,1.08453305934186,0.408789715807868,0.514,0.334956507692308,knp_roan_out_14
1.35303578542602,1.48687385424367,-0.392450793310756,0.547549206689151,4.34265707454374,4.77221913243955,1.01039175570639,1.14940897856246,-0.443,0.497,1.05811192660437,1.00488483805662,0.34097374725366,0.497,0.311568646153846,knp_roan_out_13
1.55562462750032,1.73491478975505,-0.565600638788382,0.374399361211579,4.54338421037543,5.06702216124325,1.13703561949483,1.31614626846715,-0.6,0.34,1.18671167791096,1.09952864417176,0.265962231200679,0.34,0.342393369230769,knp_roan_out_12
1.37180182904788,1.53332941501113,-0.522787456779504,0.427212543220481,4.25469212884734,4.75567567766398,0.943178137999392,1.11989999553532,-0.527,0.423,1.14674847715356,1.07737261754274,0.204087746617118,0.423,0.322420938461538,knp_roan_out_11
1.44174221250066,1.60418897517173,-0.539501282009332,0.370498717990705,4.45520363952212,4.95718894730154,1.01008613494098,1.18547669736693,-0.551,0.359,1.20634796657426,1.13340943699245,0.181883403746517,0.359,0.3236086,knp_roan_out_10
1.36938064541965,1.5129179200604,-0.468502702277039,0.45149729772304,4.63005377880936,5.1153719429541,1.05011237493899,1.20421468185702,-0.503,0.417,1.01758825373204,0.950084752426457,0.247785575673342,0.417,0.295759123076923,knp_roan_out_1
1.99091153334282,3.95659350684365,2.69020375239984,3.62020375240099,5.00996015226569,9.95643225528829,0.996840007222824,1.68364069801131,0.097,1.027,1.8480805037624,3.45495050942255,3.60208118482027,1.027,0.397390692307692,knp_roan_in_9
1.82134126539937,2.09419790536863,0.0287142296772331,0.958714229677309,4.62070473341206,5.3129363276775,1.12497199965155,1.22734917607012,-0.449,0.481,1.69374046288762,1.94312482493468,1.405181029664,0.481,0.394169584615385,knp_roan_in_8
1.55359492318595,1.66690384899904,-0.0922713689179184,0.817728631082122,5.93401030422929,6.36679772088564,0.985334460982665,1.05848240419952,-0.288,0.622,1.47157170612421,1.53986480689615,0.749705014746093,0.622,0.261811969230769,knp_roan_in_7
1.80265155585784,2.50222273966804,0.583288358476653,1.52328835847597,4.64724744780367,6.45074651447264,1.15458737218108,1.29406529974341,-0.445,0.495,1.55825868412434,2.45049641474032,2.49962064236711,0.495,0.387896615384615,knp_roan_in_6
1.61406696246587,2.12931447747182,0.789270931477586,1.70927093147734,4.28799378690865,5.65682060416182,1.15889300627797,1.63399127904643,0.033,0.953,1.22242811774165,1.53148633689793,1.46865221608327,0.953,0.376415415384615,knp_roan_in_5
1.19544694732575,1.33425231432073,-0.234844511669778,0.675155488330117,3.27338926687503,3.65346803115849,0.931790749041865,1.06433265476542,-0.349,0.561,0.82219837721081,0.811494111834384,0.527727604218019,0.561,0.365201584615385,knp_roan_in_4
1.71008495899445,2.0555675073474,0.40165831739386,1.35165831739394,4.99653327198322,6.00596560378391,1.08652565547252,1.15083708664606,-0.239,0.711,1.42563596550255,1.75607510203292,1.48020259269422,0.711,0.342254292307692,knp_roan_in_3
1.85548136349077,2.37913105677175,0.519446513299939,1.45944651330097,4.55816725526319,5.8445627600132,1.20856443766975,1.31152354153481,-0.329,0.611,1.51689485078292,1.98977921033229,1.89891553419404,0.611,0.407067415384615,knp_roan_in_2
1.61573405326101,1.76693724890803,-0.322013574117704,0.61798642588235,4.11933515687452,4.50482968699438,1.0348342862507,1.16673261718356,-0.458,0.482,1.47545295170143,1.43250658271473,0.531875626083428,0.482,0.392231753846154,knp_roan_in_18
1.54745189756827,1.69526749247074,-0.211612163127181,0.738387836872851,4.18930841273586,4.58947924598217,1.19324138379458,1.28601283041811,-0.407,0.543,1.24141342404104,1.23952700486784,0.655640688688018,0.543,0.369381230769231,knp_roan_in_17
1.5386883194238,1.69023267303854,-0.294313455655215,0.635686544344755,3.91962676084039,4.30566810292651,0.952647363928542,1.11146075054408,-0.434,0.496,1.37991797717642,1.34608283722491,0.557198107693212,0.496,0.392559907692308,knp_roan_in_16
1.49129738634693,1.64920213943582,-0.457762760062607,0.46223723993733,3.98582478658412,4.4078604479775,1.06846151077145,1.2202827541189,-0.558,0.362,1.17714140780134,1.10703674081857,0.355276682364344,0.362,0.374150261538462,knp_roan_in_15
1.3888947631548,1.56725525110581,-0.0760582419959116,0.873941758004107,4.28903209732585,4.83982534531749,0.860237176597245,1.02906025090857,-0.275,0.675,1.47787385511775,1.6023444889334,0.951247737004894,0.675,0.323824753846154,knp_roan_in_14
1.41857729710424,2.14136961865051,0.856889752137694,1.79688975213778,3.6314231536705,5.48170285088286,0.929703716245127,1.0601268791989,-0.099,0.841,1.17025333882636,2.14698089465862,2.25363626299942,0.841,0.390639492307692,knp_roan_in_13
1.76655284875397,1.89296112674718,-0.266191081551323,0.673808918448686,5.42166033372831,5.80961518440491,1.19384839908591,1.30564543425847,-0.392,0.548,1.50496447764445,1.46837003877939,0.531909464430569,0.548,0.325832446153846,knp_roan_in_12
1.65003769626801,1.93253064631886,0.234187796370694,1.15418779637029,5.63620177432621,6.60114170867581,0.853197515233138,0.953775654962948,-0.257,0.663,1.71602073143864,2.18013093323634,1.66296426946414,0.663,0.292757030769231,knp_roan_in_11
1.74160931787087,1.90270602801126,-0.323484272668694,0.596515727331344,4.60326289183861,5.02905902199086,1.10858468327864,1.23587094795533,-0.51,0.41,1.53396123118057,1.51064149202789,0.64144042323785,0.41,0.378342353846154,knp_roan_in_10
0.98509746844364,1.10846664239869,-0.326068207216462,0.613931792783523,2.8589434171326,3.21698462529154,0.838353743952993,0.966415024717642,-0.343,0.597,0.569981884781203,0.533339990554887,0.333965570908435,0.597,0.344566969230769,knp_roan_in_1
1.7074299475168,1.91281431340869,-0.221983232914472,0.708016767085735,4.15272408880441,4.65224947486404,1.17201429172172,1.37693863334573,-0.512,0.418,1.46184548739113,1.41370135915173,0.745536280843189,0.418,0.411159015384615,knp_nkuhlu_full_out_9
1.71532934508661,1.88206467670342,-0.464340510376522,0.465659489623484,4.98251115439787,5.4668266894831,1.19545681645135,1.34361341166274,-0.588,0.342,1.43785328689556,1.36999413958733,0.440070972274159,0.342,0.344270046153846,knp_nkuhlu_full_out_8
1.590783406784,1.77373593848847,-0.319555861109972,0.610444138889896,3.90394277493705,4.35292672288259,1.26043385387604,1.4191902620861,-0.549,0.381,1.09897837178899,1.05514209833962,0.647304247802437,0.381,0.407481230769231,knp_nkuhlu_full_out_7
1.80734352808692,2.18403784109328,0.0939092798298592,1.03390927982986,4.29608107262469,5.19148877078652,1.26251336626588,1.38169352607588,-0.477,0.463,1.38546879128045,1.75646063324361,1.63105547090056,0.463,0.420695861538462,knp_nkuhlu_full_out_6
1.40070911617027,1.57201809983301,-0.488301700928076,0.451698299071928,3.88511101615001,4.36026635847641,1.0799282383566,1.2506134494719,-0.558,0.382,1.04394632804474,0.973043608011887,0.357500022048716,0.382,0.360532584615385,knp_nkuhlu_full_out_5
1.35803130478044,1.52799348177009,-0.266130863664355,0.643869136335598,3.66283563213034,4.12125180840014,1.00664293570263,1.1304384105293,-0.447,0.463,1.12430698657167,1.30975320371578,0.933314893788131,0.463,0.370759553846154,knp_nkuhlu_full_out_4
1.90545662033676,2.30575915621038,0.378094190193317,1.31809419019322,3.16725581506751,3.83263991303135,1.44840222314107,1.89295773856682,-0.172,0.768,1.393596867219,1.42770662530481,1.28024964630707,0.768,0.601611215384615,knp_nkuhlu_full_out_3
1.82765667196858,2.42134488525947,0.636587402976672,1.58658740297659,2.44550858415895,3.23989718251261,1.36628254764525,2.06982704591471,0.413,1.363,1.44069445561791,1.36586016731112,1.38105472264019,1.363,0.747352384615385,knp_nkuhlu_full_out_2
1.62145054330561,1.88006903370147,-0.219254988145435,0.710745011855147,3.67855135800929,4.26527378564036,1.33637307665188,1.60693901564434,-0.596,0.334,1.11417963531165,1.04118716475771,0.836755304442358,0.334,0.440785076923077,knp_nkuhlu_full_out_18
1.76023120324197,1.96223104195275,-0.662135615701135,0.247864384298832,5.30246438642734,5.910962263783,1.21939411184408,1.4362231720732,-0.719,0.191,1.4436189416922,1.35347117576207,0.247713118128035,0.191,0.331964738461538,knp_nkuhlu_full_out_17
1.55777681298505,1.70304028310104,-0.386330577580328,0.533669422419679,5.23855514590554,5.72705304402873,1.15352849986465,1.28986278339985,-0.5,0.42,1.38824124017958,1.35008120338293,0.468968893630845,0.42,0.297367646153846,knp_nkuhlu_full_out_16
1.67323001689943,1.85908097632087,-0.406607297095503,0.513392702904441,4.33517464465635,4.81669622796016,1.26250425741856,1.41504381557604,-0.609,0.311,1.2658546833815,1.21849128858733,0.611135707932519,0.311,0.385966,knp_nkuhlu_full_out_15
1.74261013721968,1.92464031529059,-0.507320913798728,0.412679086201246,4.90736987271687,5.41998562807779,1.13041275647438,1.31074253764803,-0.616,0.304,1.53786773893069,1.46866003445114,0.449556309535442,0.304,0.355100630769231,knp_nkuhlu_full_out_14
1.51123974259582,1.6992007261265,-0.286848801353957,0.653151198646112,3.53722775134507,3.97717171812615,1.16120110230743,1.3179423356126,-0.499,0.441,1.27136996425566,1.22080068695913,0.628592127900451,0.441,0.427238461538462,knp_nkuhlu_full_out_13
1.75032644422133,1.93625519712907,-0.5222115963007,0.427788403699265,4.99281449114482,5.52317714143959,1.1978822980577,1.37206741816866,-0.634,0.316,1.4558602081712,1.38577762015833,0.462155018004715,0.316,0.350569092307692,knp_nkuhlu_full_out_12
1.56036015880856,1.75179825347723,-0.60529977051044,0.33470022948968,4.57335241624948,5.13444971668533,1.15470559018306,1.34563925329191,-0.662,0.278,1.20857524322881,1.12121493510513,0.253287006649691,0.278,0.3411852,knp_nkuhlu_full_out_11
1.88370170182286,2.10847644292484,-0.263025680038569,0.676974319961626,4.64225015834853,5.19619167491863,1.2261260130998,1.55423614679366,-0.581,0.359,1.54792689791052,1.4763433976723,0.782093650739419,0.359,0.405773415384615,knp_nkuhlu_full_out_10
1.97037463558507,2.18963671535907,0.0529959676274135,1.00299596762748,4.72760414007812,5.25368902636367,1.32740724723048,1.43530972267312,-0.408,0.542,1.58094096443448,1.69976814963953,1.13980771675366,0.542,0.4167808,knp_nkuhlu_full_out_1
1.75774774188244,2.04895361114228,0.30558673496429,1.2455867349641,3.99350877708351,4.65511292375248,1.24600361155175,1.32111165311642,-0.237,0.703,1.40537711392365,1.69437331816674,1.3823771802208,0.703,0.440151215384615,knp_nkuhlu_full_in_9
1.52508185079872,1.67310754070896,-0.195318792757952,0.734681207241993,3.62124362674931,3.97272449048257,1.08236500312972,1.20860498095945,-0.371,0.559,1.22320219617017,1.22223541231281,0.657951796590024,0.559,0.421148646153846,knp_nkuhlu_full_in_8
1.51368775642482,1.66456098133956,-0.337724876063209,0.612275123936821,4.11942422876908,4.5300180355488,1.09364756663196,1.23778673445792,-0.455,0.495,1.25483796353498,1.22736569539108,0.545218117392443,0.495,0.367451292307692,knp_nkuhlu_full_in_7
1.35612716562496,1.49249794988062,-0.223439084531254,0.736560915468766,3.6469578442527,4.01369225823287,0.966008281538,1.10192331856622,-0.371,0.589,1.18970895243945,1.18105109579237,0.563931316670409,0.589,0.371851615384615,knp_nkuhlu_full_in_6
1.34132577155133,1.44498615912917,-0.0147341192445702,0.945265880755376,5.14051031020509,5.53777941693926,0.911010428041304,1.01053154329788,-0.101,0.859,1.30294928673394,1.30040486431509,0.531026425641324,0.859,0.260932415384615,knp_nkuhlu_full_in_5
1.80123664711475,2.73703228500077,1.29100408426516,2.25100408426528,3.01762171571386,4.58536532279542,1.31668713064266,2.25866177193488,0.531,1.491,1.51384130004442,1.94474554843562,2.01755311146699,1.491,0.596906046153846,knp_nkuhlu_full_in_4
1.49619699009208,1.82967447166664,0.357456545756389,1.28745654575634,2.46382261039368,3.01296778619702,1.06920016835016,1.40846618702758,0.052,0.982,1.17424689919787,1.21299618448778,1.03625867676095,0.982,0.607266523076923,knp_nkuhlu_full_in_3
1.3382757572391,2.48885743405878,1.26636157012791,2.17636157012907,2.74172899278631,5.09892863930251,0.994193140189571,1.24367720892521,-0.018,0.892,1.04812409063266,2.38453362701776,2.71793934729476,0.892,0.4881138,knp_nkuhlu_full_in_2
1.23251142570135,1.52296814015488,0.306117819866892,1.24611781986694,2.80638692083219,3.46774705714608,0.928724393994257,1.13901712015228,-0.012,0.928,1.02981225850574,1.08175833808023,0.903508306987029,0.928,0.439180861538462,knp_nkuhlu_full_in_18
1.48982298884488,1.87463991602847,0.564638032034581,1.47463803203468,2.57267109936634,3.23718453118,1.14149945247468,1.31171414568876,0.217,1.127,1.20939230486,1.43392250823457,1.25275305145746,1.127,0.579095784615385,knp_nkuhlu_full_in_17
1.97600208326082,2.31933744354726,0.322836371618431,1.28283637161828,4.11846636772501,4.83406031682503,1.57896960072067,1.76284542714329,-0.334,0.626,1.4612030516118,1.63832780278386,1.38546825890775,0.626,0.479790753846154,knp_nkuhlu_full_in_16
1.67560566508128,2.0405808627739,0.447402346697998,1.37740234669786,3.30443035708514,4.02419106688206,1.14641004880453,1.34622583543772,-0.08,0.85,1.45243787828469,1.65632750641764,1.33790586596156,0.85,0.507078523076923,knp_nkuhlu_full_in_15
1.9302755969328,2.11380373227477,-0.426155041233343,0.483844958766631,5.10369428678691,5.58894701302861,1.35250767095711,1.50451686597392,-0.651,0.259,1.56557411060119,1.5143196388626,0.634614776830117,0.259,0.378211446153846,knp_nkuhlu_full_in_14
1.68476787671883,2.57060368457146,0.880182063169922,1.80018206316991,3.11238619251961,4.74885088020674,1.21901640678048,1.51308757182127,-0.288,0.632,1.33926763111286,2.10132298976155,2.36997060004108,0.632,0.541310676923077,knp_nkuhlu_full_in_13
1.58175077401106,1.80435766144019,-0.100221150283703,0.809778849716601,3.43547625852267,3.91896625537415,1.1723293052722,1.31557515938847,-0.418,0.492,1.19603855004433,1.3306515385335,1.04108218168463,0.492,0.460416738461538,knp_nkuhlu_full_in_12
1.68257042156602,1.88772049933395,-0.029450673793472,0.900549326206519,3.91490239532748,4.39223310348756,1.27660800561488,1.40736420304056,-0.365,0.565,1.29031215290075,1.44559051575912,1.07536255811836,0.565,0.429786046153846,knp_nkuhlu_full_in_11
1.65612455499513,1.81326864945741,-0.203992370369052,0.746007629631066,3.90769416899583,4.27848213888027,1.22662015310364,1.35158055623777,-0.421,0.529,1.36794790037436,1.36440212136802,0.702775551091028,0.529,0.4238112,knp_nkuhlu_full_in_10
1.42232990074808,1.71024002594774,0.14549218151555,1.09549218151556,2.42614182630033,2.91724504827075,1.15472810652551,1.39786766183355,-0.13,0.82,1.06299311481943,1.04231530180515,0.914984958480411,0.82,0.586251753846154,knp_nkuhlu_full_in_1
1.30298337030815,1.44951950070318,-0.245583696978052,0.67441630302186,3.2707253684447,3.63855772148799,1.03316262030718,1.19510710817064,-0.323,0.597,0.980777301837888,0.968306738842444,0.564556113545618,0.597,0.398377492307692,addo_n3_full_out_5
1.92980442351499,2.10529562331967,-0.352409517525517,0.607590482474404,4.82824291916069,5.26731028397097,1.36320211267442,1.47441140798625,-0.59,0.37,1.50803503362303,1.45371723796076,0.650427742566207,0.37,0.399690830769231,addo_n3_full_out_4
1.52855256664463,1.68925040646772,-0.265100880666399,0.654899119333644,4.13274943502632,4.5672283801611,1.12667519720636,1.30875589778996,-0.41,0.51,1.21764792240622,1.21986983920162,0.672481590873226,0.51,0.369863353846154,addo_n3_full_out_3
2.0324029200429,2.23014284592195,-0.25686840778768,0.663131592212427,4.37984005357373,4.8059707381023,1.51833214416345,1.66862398400598,-0.515,0.405,1.51172744202964,1.4755304472363,0.817780149175572,0.405,0.464035876923077,addo_n3_full_out_2
1.40852279182711,1.6081640236712,-0.0453560749756383,0.904643925024483,2.85144737499672,3.25560588047926,1.01200074110642,1.24008064253902,-0.23,0.72,1.06058483128384,1.04813500501956,0.757591394807435,0.72,0.493967661538462,addo_n3_full_out_1
1.62806585720888,1.81231930956923,-0.198881515246989,0.751118484752856,3.54346662579479,3.94449214711227,1.3086393697272,1.50520463725036,-0.391,0.559,1.15368342268943,1.11545695990315,0.712465996956545,0.559,0.459455676923077,addo_n3_full_out_0
1.09047355364429,1.35162700776842,0.0724643531952543,0.992464353195532,1.7748178800234,2.19986241068661,0.890815356850116,1.16233256858784,0.097,1.017,0.755290821722307,0.682239580963513,0.726290954613933,1.017,0.614414338461539,addo_n3_full_in_5
1.1104159228833,1.363094619338,0.0153730943913223,0.965373094391266,1.71166403932158,2.10115866859628,0.929139386744529,1.17363367368187,0.062,1.012,0.784417584777001,0.713058044192543,0.719658203128189,1.012,0.648734738461539,addo_n3_full_in_4
1.55907978399228,1.85348915826152,0.182589070959558,1.10258907095962,2.54693969219027,3.0278919364424,1.16320634454941,1.50851184947285,0.01,0.93,1.19057137018842,1.13070319356466,0.912350298377164,0.93,0.612138476923077,addo_n3_full_in_3
1.1806786594194,1.44968705454869,0.0841942662229314,1.04419426622327,2.05339550543628,2.52124560594944,0.941221015489986,1.22884539304178,0.029,0.989,0.923125533562733,0.877294500775775,0.786121297228887,0.989,0.574988430769231,addo_n3_full_in_2
1.30727862294919,1.529099522183,0.0461594067747496,0.946159406775189,2.85953944529851,3.34475017238872,0.893766188664575,1.08037447211603,-0.11,0.79,1.11075944086564,1.17121857790706,0.87464490094607,0.79,0.457164046153846,addo_n3_full_in_1
1.19234886895288,1.44619296819891,0.0227394898372008,0.922739489835655,2.76936035780535,3.35894097789023,0.942753414207554,1.20801407276571,-0.071,0.829,0.848510630509903,0.797687222951324,0.765242334857546,0.829,0.430550276923077,addo_n3_full_in_0
2.07815671376232,2.27563816529789,-0.191376493348641,0.748623506651204,4.14122852478904,4.53475795151607,1.62031354990323,1.78003258397143,-0.547,0.393,1.5087211134431,1.47691985847635,0.853359048501071,0.393,0.501821307692308,addo_n2_full_out_5
1.72354558478823,2.01010402313957,0.21897071574325,1.12897071574288,3.67706089372905,4.28841277019204,1.19730781338802,1.41021771368821,-0.041,0.869,1.383351429579,1.41257209381724,1.05055195144826,0.869,0.468729138461539,addo_n2_full_out_4
1.73317217061421,2.16508529752799,0.302282693881799,1.24228269388193,2.80369471789111,3.50238615377243,1.34180214636883,1.74214293328647,-0.072,0.868,1.34429940379313,1.28980902838177,1.20366117651455,0.868,0.618174353846154,addo_n2_full_out_3
1.51463733095684,1.86105016688032,0.159063759349577,1.07906375934941,2.46022260061914,3.02290032594968,1.18675903198585,1.60390274019343,-0.027,0.893,1.1226375298172,1.0081485249643,0.94875110192078,0.893,0.615650523076923,addo_n2_full_out_2
1.64715474902738,1.83110516394532,-0.232165778919576,0.717834221080177,3.32470549012494,3.69600087372479,1.22633315212466,1.40577736501908,-0.43,0.52,1.26411744327166,1.23197547167923,0.711123811941954,0.52,0.495428769230769,addo_n2_full_out_1
1.60459527683426,1.82873902223591,-0.00129735884294796,0.918702641157222,3.07177340013018,3.50086527449287,1.29051307626076,1.47331293349376,-0.252,0.668,1.04415251540228,1.0682440344183,0.905786724450527,0.668,0.522367723076923,addo_n2_full_out_0
1.1592409018526,1.36760666328865,-0.216467952977999,0.723532047021839,2.85608842495355,3.36945112501277,0.847004722537012,1.12053335514834,-0.333,0.607,0.911912695934138,0.857469839082036,0.619128355339181,0.607,0.405884107692308,addo_n2_full_in_5
1.21707270657518,1.42689092158168,-0.0981300107064879,0.811869989293547,3.05261945165438,3.57887820429914,0.922142071483565,1.16246892431583,-0.212,0.698,0.927229179074296,0.895620692537365,0.698215386115231,0.698,0.398697815384615,addo_n2_full_in_4
1.10132098927125,1.32831574222106,0.0216423495170717,0.971642349516816,2.31246073903948,2.78908513762807,0.815965685553014,1.07030322806203,-0.007,0.943,0.892869912969988,0.850685598585966,0.691010652802543,0.943,0.476255,addo_n2_full_in_3
1.6193147864949,2.10685261812462,0.465469558102142,1.43546955810347,2.25009508958245,2.92754612633255,1.26577446648287,1.79372210779706,0.475,1.445,1.20164159741119,1.12398747328457,1.19138197605479,1.445,0.719665046153846,addo_n2_full_in_2
1.30548456601534,1.58530070808963,0.0498509037748631,0.979850903774901,2.02019581164638,2.45320238481095,0.991286537788141,1.29530112329141,0.098,1.028,1.04347292522941,0.967361156170447,0.808303872526942,1.028,0.646216846153846,addo_n2_full_in_1
1.5815997641411,1.93447649363944,0.160590380993305,1.12059038099334,2.48323955970902,3.03728456797119,1.1794617416432,1.55137003967461,0.058,1.018,1.20854244042126,1.15648914536574,1.04491366267106,1.018,0.636909861538462,addo_n2_full_in_0
1.64816500844253,1.82679431903108,-0.128083856945702,0.801916143054444,3.72373635043374,4.12731757784983,1.23374956940215,1.41783743779034,-0.301,0.629,1.19994728388034,1.18998959639631,0.761922496728951,0.629,0.442610553846154,addo_n1_full_out_5
1.89362611084104,2.19187927526565,0.073889211841493,1.04388921184128,3.25769815120074,3.77079774186084,1.51565860272028,1.80238980245673,-0.249,0.721,1.24887298237524,1.22824072447599,1.07793639761911,0.721,0.581277338461539,addo_n1_full_out_4
1.4104294507382,1.66802065988287,0.0726521465443622,1.03265214654441,2.18216031688275,2.58069518459922,1.14407386125197,1.37169457241764,-0.014,0.946,1.0289545722909,0.949199704029697,0.793685036362674,0.946,0.646345476923077,addo_n1_full_out_3
1.63974337528225,2.03909676864675,0.190319583686879,1.16031958368794,2.59253614608046,3.22393867099029,1.13931295086118,1.53348981085624,-0.115,0.855,1.43519569169077,1.33509871213095,1.07500589938785,0.855,0.632486215384615,addo_n1_full_out_2
1.54420189800051,1.72681546741142,-0.202668764259931,0.737331235740041,3.70820464418999,4.14672792735552,1.31963669242712,1.45620190907717,-0.368,0.572,0.983825934555804,0.964438952189905,0.720060117113294,0.572,0.416428446153846,addo_n1_full_out_1
1.83901065895831,2.01541432853675,-0.391161596951488,0.518838403048647,4.53130270406115,4.9659594696831,1.21184858790197,1.44756001602697,-0.531,0.379,1.45096870724675,1.39864016919786,0.614663705154676,0.379,0.405845907692308,addo_n1_full_out_0
1.61011072063722,2.01961698077737,0.323643577049391,1.25364357704954,2.13598182120613,2.67923509945478,1.27053768145616,1.68171638512563,0.366,1.296,1.20115549888793,1.06285743533161,1.03370328185009,1.296,0.753803569230769,addo_n1_full_in_5
1.53753274543023,2.01192933911265,0.460069295340713,1.38006929534067,2.06358518168052,2.70029212914057,1.21221491493877,1.68895559444291,0.279,1.199,1.18625144892028,1.14614714168273,1.17415917426962,1.199,0.7450784,addo_n1_full_in_4
1.62375925292024,2.04638034430104,0.322133377947378,1.25213337794752,2.43749199204228,3.07190594476109,1.29977267243161,1.76990056217857,0.259,1.189,1.24199911576146,1.14902130798971,1.10679568349791,1.189,0.666159830769231,addo_n1_full_in_3
1.68137278794885,1.98543998667372,0.148316328117717,1.09831632811811,2.55160365102229,3.01304740697184,1.35420308668973,1.61919146489845,0.03,0.98,1.28197027264659,1.22345971235557,0.972813275393313,0.98,0.658947476923077,addo_n1_full_in_2
1.9280930980103,2.2723078807687,0.389657498529343,1.34965749852944,3.22497046653485,3.80071160148632,1.55401576568579,1.93416493608999,0.003,0.963,1.31466505938337,1.33552558942145,1.16159009946558,0.963,0.5978638,addo_n1_full_in_1
1.35324858387786,1.67393004276827,0.126819866016189,1.06681986601621,2.22939967036597,2.75770403902386,1.08786488131569,1.41291754890369,0.203,1.143,1.01647810698576,0.946563366305219,0.904119056622848,1.143,0.607001338461538,addo_n1_full_in_0
1.86940003155989,2.05442938097146,-0.463270222935971,0.496729777063958,4.53201864916796,4.98058848334996,1.24178299231387,1.43932831556945,-0.757,0.203,1.46893046964891,1.3975703560289,0.55394087988881,0.203,0.412487276923077,addo_jack_out_9
1.95713802381039,2.15628266640764,-0.12689980849284,0.793100191507512,3.80009205093342,4.18676277323968,1.45618628615975,1.62825474051205,-0.451,0.469,1.36125632416211,1.32478877613867,0.839707494985027,0.469,0.515023846153846,addo_jack_out_8
1.7097296313937,1.90187033745798,-0.22469526727199,0.725304732727964,3.35891812254662,3.73639587565319,1.27966440913233,1.48750596637459,-0.425,0.525,1.28997361351548,1.2347660699008,0.709973765823829,0.525,0.509012,addo_jack_out_7
1.80092519210477,2.00350221671212,-0.153041067717247,0.806958932283084,3.50110307308349,3.89492456355861,1.44289708572718,1.64598602667216,-0.396,0.564,1.22458926210138,1.17416732226569,0.791402602074914,0.564,0.514387938461538,addo_jack_out_6
2.14410677883413,2.32741653244727,-0.30603198585944,0.633968014140521,5.4801477074855,5.94867126048181,1.61145027847588,1.76614297269502,-0.565,0.375,1.63653224805493,1.59554612054686,0.770420607533407,0.375,0.391249815384615,addo_jack_out_5
1.62775016574102,1.80979733577029,-0.182486005313123,0.767513994686754,3.64807218558188,4.05607166328142,1.24491164345105,1.38848658617931,-0.4,0.55,1.14881362972898,1.11546656764258,0.719018484090647,0.55,0.446194615384615,addo_jack_out_4
1.90968383791728,2.08928585297509,-0.33380977653024,0.606190223469633,4.38859490111187,4.80133363401738,1.55005451517035,1.6661890649023,-0.607,0.333,1.33251247399806,1.27791174886564,0.68136848599726,0.333,0.435146984615385,addo_jack_out_3
1.3880731704017,1.53714595544812,-0.342893527313801,0.587106472686247,3.36962552430022,3.73150807644666,0.912315734819914,1.0934372409974,-0.461,0.469,1.19501874412048,1.14885083628436,0.45856629621103,0.469,0.411936923076923,addo_jack_out_2
1.34683584198168,1.71978945862789,0.186402699843254,1.13640269984267,2.51331280012232,3.2092766803155,0.995008040168521,1.36792105035342,-0.041,0.909,1.20121610473388,1.1226722880645,0.962515453493747,0.909,0.535880707692308,addo_jack_out_18
1.68533321821295,1.85963224441518,-0.149880573718255,0.800119426281542,3.6805146999416,4.06115760259742,1.14099255037007,1.28838852835626,-0.324,0.626,1.39510740466428,1.38488008158904,0.752986076575243,0.626,0.457906938461538,addo_jack_out_17
1.49447103419085,1.78008445703115,0.0713629358674893,1.0113629358672,2.30332259220749,2.74351837681295,1.05532743733876,1.38094532838922,-0.039,0.901,1.24389412394874,1.13285558729346,0.816243557789107,0.901,0.648832707692308,addo_jack_out_16
1.55913258356763,1.78270916585362,-0.231796100533366,0.72820389946614,3.58104960696418,4.09456516077912,1.16264525974177,1.38867310768229,-0.498,0.462,1.24271634537144,1.18396102938591,0.742191318466518,0.462,0.435384246153846,addo_jack_out_15
1.60560767416004,1.80574470504868,-0.211258243843194,0.708741756156435,3.24852824359011,3.65345331208178,1.20176079150553,1.34637401935718,-0.417,0.503,1.22424709923901,1.14139555051845,0.664914094833608,0.503,0.494256953846154,addo_jack_out_14
1.59391799184986,1.79709214050725,-0.175793041370119,0.744206958630096,3.01684861589209,3.40140142996173,1.21431873904671,1.38447282385751,-0.382,0.538,1.26081068550088,1.18795030096536,0.692563899865341,0.538,0.528338738461538,addo_jack_out_13
2.07238599439903,2.26506084001403,-0.428183661803971,0.521816338196208,5.01033140531276,5.4761542938131,1.34164712201085,1.49234580443006,-0.738,0.212,1.67532212522734,1.60780054661651,0.656272846938756,0.212,0.413622538461538,addo_jack_out_12
1.31731194438383,1.53815920476737,-0.283126105594438,0.686873894405595,2.82019330225764,3.29299852292763,0.926665527577238,1.12996017628941,-0.507,0.463,1.18167584653425,1.13367788119862,0.662819989813565,0.463,0.467099876923077,addo_jack_out_11
1.94551405019739,2.08668820107253,-0.377440785218657,0.562559214781342,5.81383456499182,6.23570926590083,1.47660404306614,1.62960179184978,-0.486,0.454,1.39317523152532,1.34156109886645,0.534443784240096,0.454,0.334635261538462,addo_jack_out_10
1.2460342127653,1.4293358801818,-0.104226517040802,0.81577348295917,2.95055003823677,3.38459971060036,0.879761899606933,1.05206606256451,-0.163,0.757,1.03470664447614,0.978655246408327,0.605545126981468,0.757,0.422305738461538,addo_jack_out_1
1.49566164959887,1.89861015760116,0.276249791160131,1.24624979116014,2.02736120421815,2.57355570792861,1.14101095524977,1.58493059784963,0.279,1.249,1.1228776350644,1.01133946893298,1.02633141742285,1.249,0.737738123076923,addo_jack_in_9
1.44886418307256,1.68955474291437,-0.0338399136960443,0.896160086303907,2.5329643530812,2.95374955525907,1.08693008054796,1.39972640183716,-0.172,0.758,1.10807168928287,1.05012956678651,0.793216192026253,0.758,0.572003384615385,addo_jack_in_8
1.43832524966142,1.83810942950372,0.289369303369903,1.2093693033696,2.27026584510367,2.90128888326726,1.12582147785517,1.54950459825067,0.197,1.117,1.10147287430754,0.99446012748508,1.00091989658689,1.117,0.633549261538462,addo_jack_in_7
1.46030707522093,1.8197368036321,0.23400000402789,1.19400000402782,2.16003371331981,2.69168924256531,1.09165012710117,1.55305972196821,0.249,1.209,1.13788005899928,1.01966683667622,0.932276103631459,1.209,0.676057538461539,addo_jack_in_6
1.45520858158296,1.69733045749606,0.0865107333428333,1.02651073334279,2.55832331232519,2.98398465559366,1.09247288295866,1.3049302663361,-0.003,0.937,1.12962145833857,1.07405820746885,0.795846073913973,0.937,0.5688134,addo_jack_in_5
1.35382621112125,1.59986236766608,-0.0203881958545361,0.949611804145745,2.1633151395739,2.55646289957713,1.04769556646957,1.29441415319827,-0.015,0.955,1.06497178822696,0.977008572079276,0.739377687709664,0.955,0.625810907692308,addo_jack_in_4
1.19482056682055,1.37627909168005,-0.265788211319147,0.644211788680873,2.83046281156662,3.26032786471288,0.948393378298267,1.14372243136174,-0.373,0.537,0.768961180294709,0.731244151881191,0.582512922867883,0.537,0.422129046153846,addo_jack_in_3
1.31777184218954,1.59110066316382,0.0991370556293437,1.03913705562932,1.85679234760541,2.24192340513491,1.08580891504905,1.37691466692748,0.142,1.082,0.923410437259486,0.822408160599013,0.780332557589601,1.082,0.7097034,addo_jack_in_2
1.52692875671723,1.87904045200464,0.262961520073691,1.21296152007364,2.31034983027827,2.84311941226925,1.06694376609079,1.46908815256267,0.095,1.045,1.23602128248563,1.16399737913905,0.978403876396432,1.045,0.660908030769231,addo_jack_in_18
1.33869088347505,1.62200481828585,0.10550188896934,1.0255018889693,1.91076158419527,2.31514574007927,1.09018989171612,1.39973926143407,0.157,1.077,0.979016108362585,0.881197728991215,0.803562452948239,1.077,0.700605923076923,addo_jack_in_17
1.18903347693079,1.5898443724359,0.315622783708195,1.22562278370826,1.96072824042987,2.62166946465632,0.913942011289557,1.37038717156868,0.204,1.114,0.926643630012608,0.883827180372174,0.967816548289044,1.114,0.606424415384615,addo_jack_in_16
1.17172920858437,1.33957617288374,-0.150647518302435,0.799352481697205,2.55825957294145,2.92472317226299,0.899315851077918,1.07225370132259,-0.216,0.734,0.870490897512497,0.878360029824072,0.64232566714467,0.734,0.458018107692308,addo_jack_in_15
1.22327515458272,1.44737863788406,-0.0390000471381547,0.880999952861891,1.84634913201929,2.1845995005695,0.939745178226523,1.15981205373974,0.066,0.986,0.936070564257655,0.852040909027978,0.668376717989058,0.986,0.662537292307692,addo_jack_in_13
1.21409163085902,1.56635503513088,0.183142279504067,1.15314227950417,1.86972344695154,2.41221557005765,0.921262720400647,1.3344579423871,0.2,1.17,0.937109274221347,0.851749524342198,0.890624497878705,1.17,0.649342892307692,addo_jack_in_12
1.24688820865965,1.47971292000124,0.0305421426922168,0.960542142692171,2.40209723513624,2.8506278985116,0.963527892694342,1.20860415355897,0.033,0.963,0.970713510307815,0.909848478061686,0.720712738174488,0.963,0.519083153846154,addo_jack_in_11
1.27337440921839,1.50039832600384,-0.0142488712719244,0.945751128728083,2.20234578178742,2.59499162253756,1.02477558518926,1.22839244543428,-0.008,0.952,0.953628224385283,0.892847883999297,0.719222003736252,0.952,0.578190046153846,addo_jack_in_10
1.52632614317446,1.8542229202099,0.179761134050918,1.09976113405083,2.13265709021858,2.5908104079296,1.19209437545859,1.54250478119194,0.253,1.173,1.17082070808546,1.04877074982044,0.897360605058021,1.173,0.715692246153846,addo_jack_in_1
