plot_id,site_id,elevation_plot,map_plot,mat_plot,npp_plot,ndvi_plot,evi_plot,fire_frequency,years_since_last_fire,last_fire_year
addo_n1_full_in_1,addo_nyathi_full_in,188,532.099975585938,18.6499996185303,8314.2916667,6963.0976059,3357.06814,0,,0
addo_n1_full_in_2,addo_nyathi_full_in,188,532.099975585938,18.6499996185303,8314.2916667,6963.0976059,3357.06814,0,,0
addo_n1_full_in_3,addo_nyathi_full_in,186.42204284668,532.099975585938,18.6499996185303,8314.2916667,6963.0976059,3357.06814,0,,0
addo_n1_full_in_4,addo_nyathi_full_in,186,532.100036621094,18.6500015258789,8314.2916667,6963.0976059,3357.06814,0,,0
addo_n1_full_in_5,addo_nyathi_full_in,186,532.099975585938,18.6499996185303,8314.2916667,6963.0976059,3357.06814,0,,0
addo_n1_full_out_5,addo_nyathi_full_out,188,532.099975585938,18.6499996185303,8314.2916667,6963.0976059,3357.06814,0,,0
addo_n1_full_out_4,addo_nyathi_full_out,188,532.100036621094,18.6499996185303,8314.2916667,6963.0976059,3357.06814,0,,0
addo_n1_full_out_3,addo_nyathi_full_out,188,532.100036621094,18.6500015258789,8314.2916667,6963.0976059,3357.06814,0,,0
addo_n1_full_out_2,addo_nyathi_full_out,188.661636352539,532.099975585938,18.6499996185303,8318.0238095,6950.044462,3353.1170745,0,,0
addo_n1_full_out_1,addo_nyathi_full_out,188.90690612793,532.099975585938,18.6500015258789,8322.0641667,6951.5311373,3355.5622975,0,,0
addo_n2_full_in_1,addo_nyathi_full_in,206,526.799987792969,18.4499988555908,8268.1666667,6884.1544118,3341.4283088,0,,0
addo_n2_full_in_2,addo_nyathi_full_in,206,526.799987792969,18.4500007629395,8268.1666667,6884.1544118,3341.4283088,0,,0
addo_n2_full_in_3,addo_nyathi_full_in,209.942810058594,526.799987792969,18.4499988555908,8268.1666667,6884.1544118,3341.4283088,0,,0
addo_n2_full_in_4,addo_nyathi_full_in,212.63427734375,526.799987792969,18.4499988555908,8268.1666667,6884.1544118,3341.4283088,0,,0
addo_n2_full_in_5,addo_nyathi_full_in,212.163955688477,526.799987792969,18.4500007629395,8268.1666667,6884.1544118,3341.4283088,0,,0
addo_n2_full_out_5,addo_nyathi_full_out,213,526.799987792969,18.4499988555908,8268.1666667,6884.1544118,3341.4283088,0,,0
addo_n2_full_out_4,addo_nyathi_full_out,213.000015258789,526.799987792969,18.4500007629395,8268.1666667,6884.1544118,3341.4283088,0,,0
addo_n2_full_out_3,addo_nyathi_full_out,210,526.799987792969,18.4500007629395,8268.1666667,6884.1544118,3341.4283088,0,,0
addo_n2_full_out_2,addo_nyathi_full_out,206,526.799987792969,18.4500007629395,8268.1666667,6884.1544118,3341.4283088,0,,0
addo_n2_full_out_1,addo_nyathi_full_out,206,526.799987792969,18.4500007629395,8268.1666667,6884.1544118,3341.4283088,0,,0
addo_n3_full_in_1,addo_nyathi_full_in,203,526.799987792969,18.4500007629395,8038.6001773,6829.0480622,3284.1778487,0,,0
addo_n3_full_in_2,addo_nyathi_full_in,201.351257324219,526.799987792969,18.4500007629395,8023.0884354,6814.0986959,3273.7283111,0,,0
addo_n3_full_in_3,addo_nyathi_full_in,200,526.799987792969,18.4500007629395,8033.6539116,6819.8717064,3275.3655866,0,,0
addo_n3_full_in_4,addo_nyathi_full_in,200,526.799987792969,18.4500007629395,8081.2916667,6852.9907749,3291.5590406,0,,0
addo_n3_full_in_5,addo_nyathi_full_in,199.999984741211,526.799987792969,18.4500007629395,8081.2916667,6852.9907749,3291.5590406,0,,0
addo_n3_full_out_5,addo_nyathi_full_out,195,532.099975585938,18.6499996185303,8081.2916667,6852.9907749,3291.5590406,0,,0
addo_n3_full_out_4,addo_nyathi_full_out,195,532.100036621094,18.6499996185303,8064.3768116,6841.2311057,3285.809191,0,,0
addo_n3_full_out_3,addo_nyathi_full_out,196.155151367188,532.557678222656,18.7262763977051,7995.7025,6793.4868485,3262.4648017,0,,0
addo_n3_full_out_2,addo_nyathi_full_out,195,527.799987792969,18.75,7843.7934028,6682.7765814,3213.1975654,0,,0
addo_n3_full_out_1,addo_nyathi_full_out,195,527.799987792969,18.75,7870.0238095,6701.4557598,3228.1739899,0,,0
addo_jack_in_1,addo_jack_in,189,624.099975585938,18.25,8074.0625,6760.8438524,3219.4539894,0,,0
addo_jack_in_2,addo_jack_in,189,624.099975585938,18.25,8089.0899621,6805.3372667,3233.8358985,0,,0
addo_jack_in_3,addo_jack_in,187.301361083984,624.099975585938,18.25,8087.8776596,6809.7502111,3239.4099272,0,,0
addo_jack_in_4,addo_jack_in,178,624.100036621094,18.25,7888.796875,6376.8561803,3180.6201208,0,,0
addo_jack_in_5,addo_jack_in,178.995040893555,624.100036621094,18.25,7877.7256944,6351.9121747,3176.6184944,0,,0
addo_jack_in_6,addo_jack_in,176,610.670227050781,18.4089336395264,7861.487963,6315.3276332,3170.7494424,0,,0
addo_jack_in_7,addo_jack_in,177.897354125977,607.200012207031,18.4499988555908,8091.3333333,7122.7798507,3203.7294776,0,,0
addo_jack_in_8,addo_jack_in,177.999984741211,607.199951171875,18.4500007629395,8091.3333333,7122.7798507,3203.7294776,0,,0
addo_jacks_in_9,addo_jack_in,177.999984741211,607.200012207031,18.4499988555908,8091.3333333,7122.7798507,3203.7294776,0,,0
addo_jack_in_10,addo_jack_in,178.294891357422,615.700012207031,18.3500003814697,7874.2066327,6484.8398764,3163.6672452,0,,0
addo_jack_in_11,addo_jack_in,183.416763305664,615.699951171875,18.3500003814697,7909.8944444,6590.456487,3172.5640528,0,,0
addo_jack_in_12,addo_jack_in,184,615.700012207031,18.3500003814697,7940.9100379,6687.8420741,3180.3933976,0,,0
addo_jack_in_13,addo_jack_in,200,615.700012207031,18.3500003814697,7991.375,6948.9197761,3205.4720149,0,,0
addo_jack_in_14,addo_jack_in,200,615.699951171875,18.3500003814697,7991.375,6948.9197761,3205.4720149,0,,0
addo_jack_in_15,addo_jack_in,204.947814941406,615.699951171875,18.3500003814697,7991.375,6948.9197761,3205.4720149,0,,0
addo_jack_in_16,addo_jack_in,232.000015258789,631.599975585938,18.0499992370605,8141.4583333,7202.3575419,3154.1396648,0,,0
addo_jack_in_17,addo_jack_in,232.96940612793,631.600036621094,18.0499992370605,8141.4583333,7202.3575419,3154.1396648,0,,0
addo_jack_in_18,addo_jack_in,241.876968383789,631.599975585938,18.0500011444092,8141.4583333,7202.3575419,3154.1396648,0,,0
addo_jack_out_18,addo_jack_out,237.598876953125,631.600036621094,18.0500011444092,8141.4583333,7202.3575419,3154.1396648,0,,0
addo_jack_out_17,addo_jack_out,235,631.599975585938,18.0499992370605,8141.4583333,7202.3575419,3154.1396648,0,,0
addo_jack_out_16,addo_jack_out,235.000015258789,631.600036621094,18.0500011444092,8134.787963,7191.0936412,3156.4211026,0,,0
addo_jack_out_15,addo_jack_out,204.000015258789,615.700012207031,18.3500003814697,7991.375,6948.9197761,3205.4720149,0,,0
addo_jack_out_14,addo_jack_out,204,615.700012207031,18.3500003814697,7991.375,6948.9197761,3205.4720149,0,,0
addo_jack_out_13,addo_jack_out,203.799346923828,615.700012207031,18.3500003814697,7991.375,6948.9197761,3205.4720149,0,,0
addo_jack_out_12,addo_jack_out,184,615.700012207031,18.3499984741211,7926.6715116,6606.2778499,3192.4147628,0,,0
addo_jack_out_11,addo_jack_out,182.000015258789,615.700012207031,18.3499984741211,7894.3046875,6501.539011,3183.2610238,0,,0
addo_jack_out_10,addo_jack_out,182,615.700012207031,18.3500003814697,7871.525,6432.3407389,3175.2281022,0,,0
addo_jack_out_9,addo_jack_out,175,607.200012207031,18.4500007629395,8078.782197,7087.7289704,3200.9008228,0,,0
addo_jack_out_8,addo_jack_out,172.13151550293,607.200012207031,18.4500007629395,8091.3333333,7122.7798507,3203.7294776,0,,0
addo_jack_out_7,addo_jack_out,174.20361328125,607.200012207031,18.4499988555908,8043.2210884,6955.2786901,3196.563307,0,,0
addo_jack_out_6,addo_jack_out,173.983169555664,607.200012207031,18.4500007629395,7855.5833333,6302.0241636,3168.6152416,0,,0
addo_jack_out_5,addo_jack_out,174,607.200012207031,18.4499988555908,7855.5833333,6302.0241636,3168.6152416,0,,0
addo_jack_out_4,addo_jack_out,174,607.200012207031,18.4500007629395,7855.5833333,6302.0241636,3168.6152416,0,,0
addo_jack_out_3,addo_jack_out,187,624.099975585938,18.25,8023.8075,6661.1815367,3201.3401876,0,,0
addo_jack_out_2,addo_jack_out,187,624.099975585938,18.25,8021.6715116,6645.3622056,3189.4554124,0,,0
addo_jack_out_1,addo_jack_out,190.446151733398,624.100036621094,18.25,8035.884058,6668.4618714,3190.0049739,0,,0
pnr_in_11,pnr_in,175,617,22.1499996185303,7123.737037,4791.4084367,2585.9474809,0,,0
pnr_in_12,pnr_in,175,617,22.1500015258789,7112.5063406,4767.6237588,2581.3713415,0,,0
pnr_in_13,pnr_in,184,617,22.1499996185303,7131.9492754,4767.3369945,2590.9145496,0,,0
pnr_in_14,pnr_in,184,617,22.1500015258789,7153.5177305,4767.6872712,2589.7645627,0,,0
pnr_in_15,pnr_in,185.419677734375,617,22.1499996185303,7129.5416667,4770.0046328,2590.8180242,0,,0
pnr_in_16,pnr_in,191,627.600036621094,22.1499996185303,7111.5833333,4785.5502849,2590.4596558,0,,0
pnr_in_17,pnr_in,191.844970703125,627.600036621094,22.1500015258789,7111.5833333,4785.5502849,2590.4596558,0,,0
pnr_in_18,pnr_in,192,627.599975585938,22.1499996185303,7111.5833333,4785.5502849,2590.4596558,0,,0
pnr_out_7,pnr_out,168,604.399963378906,22.1500015258789,7294.6895833,4938.3914355,2619.4827592,0,,0
pnr_out_8,pnr_out,168,604.399963378906,22.1500015258789,7436.2063008,4952.9090986,2626.8083557,0,,0
pnr_out_9,pnr_out,169.558151245117,617,22.1499996185303,7436.2063008,4952.9090986,2626.8083557,0,,0
pnr_out_10,pnr_out,172,617,22.1499996185303,7377.2885417,4863.9331915,2603.8671583,0,,0
pnr_out_11,pnr_out,175,617,22.1499996185303,7353.6565041,4835.5505434,2595.9165513,0,,0
pnr_out_12,pnr_out,175,617.000061035156,22.1499996185303,7352.6916667,4810.6896755,2588.9503957,0,,0
addo_n3_full_in_0,addo_nyathi_full_in,203.000015258789,526.799987792969,18.4500007629395,8062.7064815,6851.1989239,3299.0730464,0,,0
addo_n3_full_out_0,addo_nyathi_full_out,199.177215576172,527.799987792969,18.75,7903.6287879,6726.2296402,3246.1329085,0,,0
addo_n2_full_in_0,addo_nyathi_full_in,205.57373046875,526.799987792969,18.4499988555908,8268.1666667,6884.1544118,3341.4283088,0,,0
addo_n2_full_out_0,addo_nyathi_full_out,204.753372192383,526.799987792969,18.4500007629395,8268.1666667,6884.1544118,3341.4283088,0,,0
addo_n1_full_in_0,addo_nyathi_full_in,185,532.099975585938,18.6499996185303,8314.2916667,6963.0976059,3357.06814,0,,0
addo_n1_full_out_0,addo_nyathi_full_out,185,532.099975585938,18.6499996185303,8333.3641667,6958.862855,3363.7672012,0,,0
pnr_in_1,pnr_in,176,604.400024414063,22.1499996185303,6670.6054965,4428.9511783,2360.2547822,0,,0
pnr_in_2,pnr_in,176,604.400024414063,22.1499996185303,6670.6054965,4428.9511783,2360.2547822,0,,0
pnr_in_3,pnr_in,173.013107299805,604.399963378906,22.1499996185303,6670.6054965,4428.9511783,2360.2547822,0,,0
pnr_in_4,pnr_in,168,604.400024414063,22.1499996185303,5261.0975177,4742.8313489,2523.1316864,0,,0
pnr_in_5,pnr_in,167,604.400024414063,22.1499996185303,5261.0975177,4742.8313489,2523.1316864,0,,0
pnr_in_6,pnr_in,167,604.399963378906,22.1500015258789,5261.0975177,4742.8313489,2523.1316864,0,,0
pnr_in_7,pnr_in,168,604.400024414063,22.1499996185303,7000.9230072,4850.6161754,2584.5833189,0,,0
pnr_in_8,pnr_in,168,604.399963378906,22.1499996185303,7142.5257092,4859.0941516,2589.2099049,0,,0
pnr_in_9,pnr_in,169.572967529297,617.000061035156,22.1499996185303,7142.5257092,4859.0941516,2589.2099049,0,,0
pnr_in_10,pnr_in,172,617,22.1499996185303,7146.964539,4813.4063038,2588.968336,0,,0
pnr_out_13,pnr_out,184,617,22.1499996185303,7348.5555556,4770.8547307,2579.3655365,0,,0
pnr_out_14,pnr_out,184,617,22.1500015258789,7352.8739837,4776.99852,2578.6306458,0,,0
pnr_out_15,pnr_out,185.389083862305,617,22.1499996185303,7347.4715447,4782.9844402,2578.4140522,0,,0
pnr_out_16,pnr_out,190.999984741211,627.600036621094,22.1499996185303,7320.4593496,4812.9140411,2577.3310842,0,,0
pnr_out_17,pnr_out,191.892654418945,627.599975585938,22.1500015258789,7369.1723485,4819.2956767,2574.2693058,0,,0
pnr_out_18,pnr_out,192,627.600036621094,22.1500015258789,7337.4702381,4815.1425488,2576.2618918,0,,0
pnr_out_1,pnr_out,176,604.400024414063,22.1499996185303,7062.322695,4543.026857,2407.119877,0,,0
pnr_out_2,pnr_out,176,604.400024414063,22.1499996185303,7062.322695,4543.026857,2407.119877,0,,0
pnr_out_3,pnr_out,173.255966186523,604.399963378906,22.1499996185303,7045.946558,4538.2578069,2405.1606339,0,,0
pnr_out_4,pnr_out,168,604.399963378906,22.1499996185303,6266.4157407,4947.2388156,2604.1035777,0,,0
pnr_out_5,pnr_out,167,604.400024414063,22.1499996185303,6316.5217391,4957.4266745,2608.1392923,0,,0
pnr_out_6,pnr_out,167,604.400024414063,22.1499996185303,6316.5217391,4957.4266745,2608.1392923,0,,0
knp_nkuhlu_full_in_1,knp_nkuhlu_full_in,220,562,22.8500003814697,6802.9111111,4885.2021691,2721.7966357,0.0434783,1,2023
knp_nkuhlu_full_in_2,knp_nkuhlu_full_in,220.012908935547,562,22.8500003814697,6806.3333333,4890.2968127,2728.7689243,0.0434783,1,2023
knp_nkuhlu_full_in_3,knp_nkuhlu_full_in,223.510040283203,562,22.8499984741211,6806.3333333,4890.2968127,2728.7689243,0.0434783,1,2023
knp_nkuhlu_full_in_4,knp_nkuhlu_full_in,225,562,22.8500003814697,6806.3333333,4890.2968127,2728.7689243,0.0434783,1,2023
knp_nkuhlu_full_in_5,knp_nkuhlu_full_in,225.073928833008,562,22.8500003814697,6806.3333333,4890.2968127,2728.7689243,0.0434783,1,2023
knp_nkuhlu_full_in_6,knp_nkuhlu_full_in,228,562,22.8500003814697,6806.3333333,4890.2968127,2728.7689243,0.0434783,1,2023
knp_nkuhlu_full_in_7,knp_nkuhlu_full_in,228,562,22.8500003814697,6806.3333333,4890.2968127,2728.7689243,0.0434783,1,2023
knp_nkuhlu_full_in_8,knp_nkuhlu_full_in,228.206741333008,562,22.8500003814697,6806.3333333,4890.2968127,2728.7689243,0.0434783,1,2023
knp_nkuhlu_full_in_9,knp_nkuhlu_full_in,229,562,22.8500003814697,6806.3333333,4890.2968127,2728.7689243,0.0434783,1,2023
knp_nkuhlu_full_in_10,knp_nkuhlu_full_in,229,562,22.8500003814697,6806.3333333,4890.2968127,2728.7689243,0.0434783,1,2023
knp_nkuhlu_full_in_11,knp_nkuhlu_full_in,227.257369995117,562,22.8500003814697,6806.3333333,4890.2968127,2728.7689243,0.0434783,1,2023
knp_nkuhlu_full_in_12,knp_nkuhlu_full_in,225,566.409729003906,22.912109375,6806.3333333,4890.2968127,2728.7689243,0.0434783,1,2023
knp_nkuhlu_full_out_1,knp_nkuhlu_full_out,220.530502319336,562,22.8500003814697,6779.9229167,4862.8713147,2714.5283865,0.0434783,1,2023
knp_nkuhlu_full_out_2,knp_nkuhlu_full_out,221.097869873047,562,22.8500003814697,6785.0081522,4868.1520007,2717.2703534,0.0434783,1,2023
knp_nkuhlu_full_out_3,knp_nkuhlu_full_out,221.481826782227,562,22.8500003814697,6784.2479675,4867.3625984,2716.8604606,0.0434783,1,2023
knp_nkuhlu_full_out_4,knp_nkuhlu_full_out,226,562,22.8500003814697,6796.2722222,4879.849004,2723.3439575,0.0434783,1,2023
knp_nkuhlu_full_out_5,knp_nkuhlu_full_out,226,562,22.8500003814697,6798.9715447,4882.6520746,2724.7994364,0.0434783,1,2023
knp_nkuhlu_full_out_6,knp_nkuhlu_full_out,226,562,22.8500003814697,6803.0525362,4886.8899186,2726.9999134,0.0434783,1,2023
knp_nkuhlu_full_out_7,knp_nkuhlu_full_out,231,562,22.8500003814697,6806.3333333,4890.2968127,2728.7689243,0.0434783,1,2023
knp_nkuhlu_full_out_8,knp_nkuhlu_full_out,230.999984741211,562,22.8500003814697,6806.3333333,4890.2968127,2728.7689243,0.0434783,1,2023
knp_nkuhlu_full_out_9,knp_nkuhlu_full_out,231,562,22.8500003814697,6806.3333333,4890.2968127,2728.7689243,0.0434783,1,2023
knp_nkuhlu_full_out_10,knp_nkuhlu_full_out,231,562,22.8500003814697,6806.3333333,4890.2968127,2728.7689243,0.0434783,1,2023
knp_nkuhlu_full_out_11,knp_nkuhlu_full_out,228.421585083008,562,22.8500003814697,6806.3333333,4890.2968127,2728.7689243,0.0434783,1,2023
knp_nkuhlu_full_out_12,knp_nkuhlu_full_out,226.000015258789,566.269714355469,22.9101371765137,6806.3333333,4890.2968127,2728.7689243,0.0434783,1,2023
knp_nkuhlu_full_out_13,knp_nkuhlu_full_out,227,569.100036621094,22.9499988555908,6806.3333333,4890.2968127,2728.7689243,0.0434783,1,2023
knp_nkuhlu_full_out_14,knp_nkuhlu_full_out,226.914016723633,569.099975585938,22.9500007629395,6800.4431818,4882.1499636,2725.0173581,0.0434783,1,2023
knp_nkuhlu_full_out_15,knp_nkuhlu_full_out,225,569.099975585938,22.9499988555908,6791.2655039,4869.4560359,2719.1718946,0.0434783,1,2023
knp_nkuhlu_full_in_13,knp_nkuhlu_full_in,225.7177734375,569.100036621094,22.9500007629395,6806.3333333,4890.2968127,2728.7689243,0.0434783,1,2023
knp_nkuhlu_full_in_14,knp_nkuhlu_full_in,224.313674926758,569.099975585938,22.9500007629395,6796.851626,4877.1823727,2722.7298178,0.0434783,1,2023
knp_nkuhlu_full_in_15,knp_nkuhlu_full_in,223.13362121582,569.099975585938,22.9499988555908,6784.2093496,4859.6964527,2714.6776758,0.0434783,1,2023
knp_satara_in_10,knp_satara_in,297,535.100036621094,22.75,5590.3229167,4064.869018,2306.4340936,0.0869565,4,2020
knp_satara_in_11,knp_satara_in,298.290069580078,535.099975585938,22.75,5599.0912698,4068.6801412,2309.404403,0.0900621,4,2020
knp_satara_in_12,knp_satara_in,299,535.100036621094,22.75,5618.5473485,4077.0586031,2316.0441556,0.0968379,4,2020
knp_nkuhlu_full_in_16,knp_nkuhlu_full_in,222.000015258789,569.100036621094,22.9500007629395,6779.8276515,4853.6359917,2711.8868766,0.0434783,1,2023
knp_nkuhlu_full_in_17,knp_nkuhlu_full_in,222,569.099975585938,22.9500007629395,6760.2592593,4826.5703486,2699.4233402,0.0434783,1,2023
knp_nkuhlu_full_in_18,knp_nkuhlu_full_in,220.014526367188,569.099975585938,22.9499988555908,6740.1018519,4798.6900205,2686.5846471,0.0434783,1,2023
knp_nkuhlu_full_out_16,knp_nkuhlu_full_out,224.000015258789,569.099975585938,22.9500007629395,6768.4065041,4837.8390526,2704.6124983,0.0434783,1,2023
knp_nkuhlu_full_out_17,knp_nkuhlu_full_out,224,569.100036621094,22.9499988555908,6754.5,4818.6045406,2695.7551422,0.0434783,1,2023
knp_nkuhlu_full_out_18,knp_nkuhlu_full_out,219.133544921875,569.099975585938,22.9500007629395,6736.800813,4794.1242525,2684.4821434,0.0434783,1,2023
knp_satara_in_1,knp_satara_in,297,535.099975585938,22.75,5587.2907609,4064.2788269,2304.9505218,0.0869565,4,2020
knp_satara_in_2,knp_satara_in,297.109191894531,535.099975585938,22.75,5584.9583333,4063.8248337,2303.8093126,0.0869565,4,2020
knp_satara_in_3,knp_satara_in,297.398529052734,535.100036621094,22.75,5584.9583333,4063.8248337,2303.8093126,0.0869565,4,2020
knp_satara_in_4,knp_satara_in,299,535.099975585938,22.75,5596.8796296,4066.1452433,2309.6421593,0.0869565,4,2020
knp_satara_in_5,knp_satara_in,299,535.100036621094,22.75,5600.6595528,4066.8809829,2311.4915985,0.0869565,4,2020
knp_satara_in_6,knp_satara_in,299,535.099975585938,22.75,5594.4953704,4065.6811614,2308.47559,0.0869565,4,2020
knp_satara_in_7,knp_satara_in,300,535.099975585938,22.75,5584.9583333,4063.8248337,2303.8093126,0.0869565,4,2020
knp_satara_in_8,knp_satara_in,299,535.099975585938,22.7500019073486,5584.9583333,4063.8248337,2303.8093126,0.0869565,4,2020
knp_satara_in_9,knp_satara_in,299,535.099975585938,22.75,5584.9583333,4063.8248337,2303.8093126,0.0869565,4,2020
knp_satara_in_15,knp_satara_in,296.082641601563,535.099975585938,22.75,5663.1646825,4097.2855015,2330.6352368,0.1138716,4,2020
knp_satara_in_16,knp_satara_in,296,535.100036621094,22.75,5685.5909091,4104.5505773,2337.982838,0.1205534,4,2020
knp_satara_in_17,knp_satara_in,296,535.099975585938,22.75,5702.621124,4111.7827862,2343.8164299,0.1263903,4,2020
knp_satara_in_18,knp_satara_in,296.471008300781,535.099975585938,22.75,5714.523374,4116.758874,2347.8818593,0.1304348,4,2020
knp_satara_out_7,knp_satara_out,298,535.099975585938,22.7499980926514,5650.2663043,4076.5366429,2335.7631683,0.0869565,4,2020
knp_satara_out_8,knp_satara_out,297,535.099975585938,22.75,5646.6510417,4075.8329534,2333.9942942,0.0869565,4,2020
knp_satara_out_9,knp_satara_out,297,535.099975585938,22.75,5646.9490741,4075.8909637,2334.1401154,0.0869565,4,2020
knp_satara_out_10,knp_satara_out,298.643493652344,535.100036621094,22.75,5675.5601852,4081.4599467,2348.1389474,0.0869565,4,2020
knp_satara_out_11,knp_satara_out,298.419647216797,535.099975585938,22.75,5670.7916667,4080.5317829,2345.8058087,0.0869565,4,2020
knp_satara_out_12,knp_satara_out,299.768096923828,535.100036621094,22.75,5690.7231481,4083.282721,2349.2011655,0.094686,4,2020
knp_satara_out_13,knp_satara_out,298,535.099975585938,22.7500019073486,5675.5792683,4084.6912709,2339.3394002,0.1007423,4,2020
knp_satara_out_14,knp_satara_out,298,535.099975585938,22.75,5688.7961957,4088.9229013,2342.0476057,0.1068053,4,2020
knp_satara_out_15,knp_satara_out,297.051391601563,535.099975585938,22.75,5707.3822917,4095.1657867,2346.0826004,0.1152174,4,2020
knp_satara_out_16,knp_satara_out,297.027008056641,535.099975585938,22.75,5739.5059524,4095.8907212,2355.4743786,0.1200828,4,2020
knp_satara_out_17,knp_satara_out,297,535.100036621094,22.75,5751.2869318,4099.5252638,2357.8168321,0.1254941,4,2020
knp_satara_out_18,knp_satara_out,296.652557373047,535.099975585938,22.75,5757.6666667,4101.8361422,2357.7389861,0.1304348,4,2020
knp_satara_in_13,knp_satara_in,298,535.099975585938,22.75,5622.8583333,4080.0403881,2316.8095682,0.1,4,2020
knp_satara_in_14,knp_satara_in,298.302001953125,535.100036621094,22.75,5641.1064815,4087.8478772,2323.0689505,0.1062802,4,2020
knp_satara_out_1,knp_satara_out,300,535.100036621094,22.7500019073486,5661.2546296,4078.6754552,2341.1395314,0.0869565,4,2020
knp_satara_out_2,knp_satara_out,300,535.100036621094,22.75,5657.3802083,4077.9213221,2339.2438562,0.0869565,4,2020
knp_satara_out_3,knp_satara_out,299.786499023438,535.100036621094,22.75,5656.4861111,4077.7472914,2338.8063927,0.0869565,4,2020
knp_satara_out_4,knp_satara_out,297.099304199219,535.099975585938,22.7500019073486,5682.9202899,4082.8925474,2351.7400962,0.0869565,4,2020
knp_satara_out_5,knp_satara_out,297,535.099975585938,22.7500019073486,5678.8385417,4082.0980594,2349.7429802,0.0869565,4,2020
knp_satara_out_6,knp_satara_out,297,535.100036621094,22.75,5679.7742248,4082.2801845,2350.2007909,0.0869565,4,2020
knp_roan_in_1,knp_roan_in,382,456.800018310547,23.25,2770.8333333,3859.809628,2091.8949672,0.3478261,0,2024
knp_roan_in_2,knp_roan_in,382,456.800018310547,23.25,2770.8333333,3859.809628,2091.8949672,0.3478261,0,2024
knp_roan_in_3,knp_roan_in,382,456.800018310547,23.25,2856.282197,3858.0605048,2089.980516,0.3458498,0,2024
knp_roan_in_4,knp_roan_in,383.852905273438,456.799987792969,23.25,3967.1174242,3835.3219037,2065.0926511,0.3201581,0,2024
knp_roan_in_5,knp_roan_in,383.622131347656,456.800018310547,23.25,4266.188447,3829.1999726,2058.3920721,0.3132411,0,2024
knp_roan_in_6,knp_roan_in,382.7578125,456.800018310547,23.25,4479.8106061,3824.8271647,2053.6059442,0.3083004,0,2024
knp_roan_in_7,knp_roan_in,380.999969482422,456.800018310547,23.25,4650.7083333,3821.3289183,2049.7770419,0.3043478,0,2024
knp_roan_in_8,knp_roan_in,381,456.799987792969,23.25,4650.7083333,3821.3289183,2049.7770419,0.3043478,0,2024
knp_roan_in_9,knp_roan_in,380.999969482422,456.799987792969,23.25,4650.7083333,3821.3289183,2049.7770419,0.3043478,0,2024
knp_roan_in_10,knp_roan_in,380,457.699981689453,23.25,4650.7083333,3821.3289183,2049.7770419,0.3043478,0,2024
knp_roan_in_11,knp_roan_in,380.709686279297,457.661956787109,23.25,4660.4005682,3826.0411939,2053.1338092,0.2895257,0,2024
knp_roan_in_12,knp_roan_in,381,457.630950927734,23.25,4670.092803,3830.7534694,2056.4905765,0.2747036,0,2024
knp_roan_in_13,knp_roan_in,381.999969482422,457.300018310547,23.25,4724.6277778,3857.2678732,2075.377987,0.1913043,0,2024
knp_roan_in_14,knp_roan_in,382,457.299987792969,23.2499980926514,4732.2092593,3860.9539199,2078.0037249,0.1797101,0,2024
knp_roan_in_15,knp_roan_in,382,457.300018310547,23.2500019073486,4736,3862.7969432,2079.3165939,0.173913,0,2024
knp_roan_in_16,knp_roan_in,383.000030517578,457.300018310547,23.25,4736,3862.7969432,2079.3165939,0.173913,0,2024
knp_roan_in_17,knp_roan_in,382.991394042969,457.300018310547,23.25,4736,3862.7969432,2079.3165939,0.173913,0,2024
knp_roan_in_18,knp_roan_in,383,457.299987792969,23.25,4736,3862.7969432,2079.3165939,0.173913,0,2024
knp_roan_out_1,knp_roan_out,380.000030517578,456.400024414063,23.25,2770.8333333,3859.809628,2091.8949672,0.3478261,0,2024
knp_roan_out_2,knp_roan_out,380.062164306641,456.399993896484,23.25,2770.8333333,3859.809628,2091.8949672,0.3478261,0,2024
knp_roan_out_3,knp_roan_out,381.100738525391,456.400024414063,23.25,2770.8333333,3859.809628,2091.8949672,0.3478261,0,2024
knp_roan_out_4,knp_roan_out,382,456.399993896484,23.25,3522.7833333,3844.4173441,2075.0477971,0.3304348,0,2024
knp_roan_out_5,knp_roan_out,382.000030517578,456.399993896484,23.25,3848.2261905,3835.8929521,2070.0442887,0.3291925,0,2024
knp_roan_out_6,knp_roan_out,381.999969482422,456.399993896484,23.25,4094.5426136,3826.5415763,2062.86474,0.3280632,0,2024
knp_roan_out_7,knp_roan_out,381.843383789063,456.399993896484,23.25,4642.6104167,3802.6080574,2048.2962472,0.3326087,0,2024
knp_roan_out_8,knp_roan_out,381.028503417969,456.399993896484,23.25,4641.2162698,3799.385052,2048.0413119,0.3374741,0,2024
knp_roan_out_9,knp_roan_out,381,456.399993896484,23.25,4639.0805556,3794.4476821,2047.6507726,0.3449275,0,2024
knp_roan_out_10,knp_roan_out,381.000030517578,456.399993896484,23.25,4632.64375,3779.5669978,2046.4737307,0.3673913,0,2024
knp_roan_out_11,knp_roan_out,379.8642578125,456.399993896484,23.25,4631.4545455,3776.8177805,2046.2562713,0.3715415,0,2024
knp_roan_out_12,knp_roan_out,379.000030517578,456.942291259766,23.2500019073486,4630.2212963,3773.9667403,2046.0307579,0.3758454,0,2024
knp_roan_out_13,knp_roan_out,379,457.299987792969,23.25,4651.6467803,3779.1071086,2052.4900618,0.3913043,0,2024
knp_roan_out_14,knp_roan_out,380.624969482422,457.299987792969,23.2500019073486,4660.3861111,3784.3060121,2054.947174,0.3913043,0,2024
knp_roan_out_15,knp_roan_out,381,457.299987792969,23.25,4669.7,3789.8467121,2057.5658265,0.3913043,0,2024
knp_roan_out_16,knp_roan_out,380,457.299987792969,23.25,4685.6666667,3799.3450549,2062.0549451,0.3913043,0,2024
knp_roan_out_17,knp_roan_out,379.953308105469,457.299987792969,23.25,4685.6666667,3799.3450549,2062.0549451,0.3913043,0,2024
knp_roan_out_18,knp_roan_out,379,457.300018310547,23.25,4685.6666667,3799.3450549,2062.0549451,0.3913043,0,2024
